chain_a,ptm_a,chain_b,ptm_b,condition
EGFR,,EGFR,,0ATP
EGFR,,EGFR-e709g,,0ATP
EGFR,,EGFR-g719s,,0ATP
EGFR,,EGFR-l858r,,0ATP
EGFR,,EGFR-l858r-t790m,,0ATP
EGFR,,EGFR-l861q,,0ATP
EGFR,,EGFR-s768i,,0ATP
EGFR,,EGFR-t790m,,0ATP
EGFR,,EGFR,,1ATP
EGFR,,EGFR-e709g,,1ATP
EGFR,,EGFR-g719s,,1ATP
EGFR,,EGFR-l858r,,1ATP
EGFR,,EGFR-l858r-t790m,,1ATP
EGFR,,EGFR-l861q,,1ATP
EGFR,,EGFR-s768i,,1ATP
EGFR,,EGFR-t790m,,1ATP
EGFR,,EGFR,,2ATP
EGFR,,EGFR-e709g,,2ATP
EGFR,,EGFR-g719s,,2ATP
EGFR,,EGFR-l858r,,2ATP
EGFR,,EGFR-l858r-t790m,,2ATP
EGFR,,EGFR-l861q,,2ATP
EGFR,,EGFR-s768i,,2ATP
EGFR,,EGFR-t790m,,2ATP
ERBB2,,EGFR,,0ATP
ERBB2,,EGFR-e709g,,0ATP
ERBB2,,EGFR-g719s,,0ATP
ERBB2,,EGFR-l858r,,0ATP
ERBB2,,EGFR-l858r-t790m,,0ATP
ERBB2,,EGFR-l861q,,0ATP
ERBB2,,EGFR-s768i,,0ATP
ERBB2,,EGFR-t790m,,0ATP
ERBB2,,EGFR,,1ATP
ERBB2,,EGFR-e709g,,1ATP
ERBB2,,EGFR-g719s,,1ATP
ERBB2,,EGFR-l858r,,1ATP
ERBB2,,EGFR-l858r-t790m,,1ATP
ERBB2,,EGFR-l861q,,1ATP
ERBB2,,EGFR-s768i,,1ATP
ERBB2,,EGFR-t790m,,1ATP
ERBB2,,EGFR,,2ATP
ERBB2,,EGFR-e709g,,2ATP
ERBB2,,EGFR-g719s,,2ATP
ERBB2,,EGFR-l858r,,2ATP
ERBB2,,EGFR-l858r-t790m,,2ATP
ERBB2,,EGFR-l861q,,2ATP
ERBB2,,EGFR-s768i,,2ATP
ERBB2,,EGFR-t790m,,2ATP
ERBB3,,EGFR,,0ATP
ERBB3,,EGFR-e709g,,0ATP
ERBB3,,EGFR-g719s,,0ATP
ERBB3,,EGFR-l858r,,0ATP
ERBB3,,EGFR-l858r-t790m,,0ATP
ERBB3,,EGFR-l861q,,0ATP
ERBB3,,EGFR-s768i,,0ATP
ERBB3,,EGFR-t790m,,0ATP
ERBB3,,EGFR,,1ATP
ERBB3,,EGFR-e709g,,1ATP
ERBB3,,EGFR-g719s,,1ATP
ERBB3,,EGFR-l858r,,1ATP
ERBB3,,EGFR-l858r-t790m,,1ATP
ERBB3,,EGFR-l861q,,1ATP
ERBB3,,EGFR-s768i,,1ATP
ERBB3,,EGFR-t790m,,1ATP
ERBB3,,EGFR,,2ATP
ERBB3,,EGFR-e709g,,2ATP
ERBB3,,EGFR-g719s,,2ATP
ERBB3,,EGFR-l858r,,2ATP
ERBB3,,EGFR-l858r-t790m,,2ATP
ERBB3,,EGFR-l861q,,2ATP
ERBB3,,EGFR-s768i,,2ATP
ERBB3,,EGFR-t790m,,2ATP
ERBB4,,EGFR,,0ATP
ERBB4,,EGFR-e709g,,0ATP
ERBB4,,EGFR-g719s,,0ATP
ERBB4,,EGFR-l858r,,0ATP
ERBB4,,EGFR-l858r-t790m,,0ATP
ERBB4,,EGFR-l861q,,0ATP
ERBB4,,EGFR-s768i,,0ATP
ERBB4,,EGFR-t790m,,0ATP
ERBB4,,EGFR,,1ATP
ERBB4,,EGFR-e709g,,1ATP
ERBB4,,EGFR-g719s,,1ATP
ERBB4,,EGFR-l858r,,1ATP
ERBB4,,EGFR-l858r-t790m,,1ATP
ERBB4,,EGFR-l861q,,1ATP
ERBB4,,EGFR-s768i,,1ATP
ERBB4,,EGFR-t790m,,1ATP
ERBB4,,EGFR,,2ATP
ERBB4,,EGFR-e709g,,2ATP
ERBB4,,EGFR-g719s,,2ATP
ERBB4,,EGFR-l858r,,2ATP
ERBB4,,EGFR-l858r-t790m,,2ATP
ERBB4,,EGFR-l861q,,2ATP
ERBB4,,EGFR-s768i,,2ATP
ERBB4,,EGFR-t790m,,2ATP
